<empoloyees>

<employee>
<empno>1234</empno>
<empname>thomas</empname>
<empsalary>12222</empsalary>


<department>
<deptid>10</deptid>
<deptname>tr</deptname>
<deptloc>chennai</deptloc>
</department>

<address>
<addressid>1</addressid>
<street>thhraipakkam</street>
<city>chennai</city>
<state>TN</state>
<country>IN</country>
</address>

<skills>
<skill>
<skillid>1</skillid>
<skillname>java</skillname>
</skill>

<skill>
<skillid>2</skillid>
<skillname>.net</skillname>
</skill>

<skill>
<skillid>3</skillid>
<skillname>php</skillname>
</skill>
</skills>



</employee>
<employee>
<empno>12345</empno>
<empname>surbhi</empname>
<empsalary>122222</empsalary>


<department>
<deptid>11</deptid>
<deptname>hr</deptname>
<deptloc>chennai</deptloc>
</department>

<address>
<addressid>2</addressid>
<street>bhagyam</street>
<city>chennai</city>
<state>TN</state>
<country>IN</country>
</address>

<skills>
<skill>
<skillid>1</skillid>
<skillname>c</skillname>
</skill>

<skill>
<skillid>2</skillid>
<skillname>.net</skillname>
</skill>

<skill>
<skillid>3</skillid>
<skillname>php</skillname>
</skill>
</skills>



</employee>
<employee>
<empno>123</empno>
<empname>ashish</empname>
<empsalary>1222</empsalary>


<department>
<deptid>12</deptid>
<deptname>tr</deptname>
<deptloc>chennai</deptloc>
</department>

<address>
<addressid>2</addressid>
<street>bhagyam</street>
<city>chennai</city>
<state>TN</state>
<country>IN</country>
</address>

<skills>
<skill>
<skillid>4</skillid>
<skillname>c++</skillname>
</skill>

<skill>
<skillid>2</skillid>
<skillname>.net</skillname>
</skill>

<skill>
<skillid>3</skillid>
<skillname>java</skillname>
</skill>
</skills>



</employee>
<employee>
<empno>1230</empno>
<empname>kunal</empname>
<empsalary>12223</empsalary>


<department>
<deptid>15</deptid>
<deptname>dev</deptname>
<deptloc>chennai</deptloc>
</department>

<address>
<addressid>3</addressid>
<street>whitehouse</street>
<city>chennai</city>
<state>TN</state>
<country>IN</country>
</address>

<skills>
<skill>
<skillid>5</skillid>
<skillname>java</skillname>
</skill>

<skill>
<skillid>2</skillid>
<skillname>.net</skillname>
</skill>

<skill>
<skillid>3</skillid>
<skillname>java</skillname>
</skill>
</skills>



</employee>


<employee>
<empno>120</empno>
<empname>nakul</empname>
<empsalary>122234</empsalary>


<department>
<deptid>15</deptid>
<deptname>data warehouse</deptname>
<deptloc>chennai</deptloc>
</department>

<address>
<addressid>3</addressid>
<street>whitehouse</street>
<city>chennai</city>
<state>TN</state>
<country>IN</country>
</address>

<skills>
<skill>
<skillid>6</skillid>
<skillname>informatica</skillname>
</skill>

<skill>
<skillid>2</skillid>
<skillname>.net</skillname>
</skill>

<skill>
<skillid>3</skillid>
<skillname>java</skillname>
</skill>
</skills>



</employee>

</empoloyees>